{
	"class_name" : "PinholeCameraParameters",
	"extrinsic" : 
	[
		-0.73899749364876366,
		0.11878327019427309,
		-0.66315400858533602,
		0.0,
		0.14269266025077357,
		-0.93440561303332603,
		-0.32638160953456263,
		0.0,
		-0.65842350283947415,
		-0.33582240106009714,
		0.67357390526565708,
		0.0,
		0.13451914506052104,
		0.043344725689580345,
		0.36315138025218113,
		1.0
	],
	"intrinsic" : 
	{
		"height" : 1080,
		"intrinsic_matrix" : 
		[
			935.30743608719376,
			0.0,
			0.0,
			0.0,
			935.30743608719376,
			0.0,
			959.5,
			539.5,
			1.0
		],
		"width" : 1920
	},
	"version_major" : 1,
	"version_minor" : 0
}